,Score Pr√©dit,Vrai Score
0,5.515929039763478,5.0
1,5.348647976822463,4.0
2,6.2552407809143915,6.0
3,5.855047252569534,6.0
4,6.045101778974583,6.0
5,6.49649798435496,6.0
6,5.8378451040248365,5.0
7,5.045932745160769,5.0
8,6.137549372934416,7.0
9,6.1639844525815874,6.0
10,4.744562198456379,5.0
11,5.530789649582175,6.0
12,6.419497086901345,6.0
13,5.699614934425938,6.0
14,4.8604428638714126,4.0
15,6.611796920814413,7.0
16,6.201668428965434,6.0
17,7.853771221100715,8.0
18,5.520587564118273,5.0
19,5.92154626467908,6.0
20,6.131085087045392,6.0
21,6.552503326798444,6.0
22,5.588259451363228,5.0
23,6.577444592013308,6.0
24,5.275857359190127,5.0
25,6.215973775578334,5.0
26,5.800089993242352,6.0
27,6.461433363934987,6.0
28,5.9618717999758815,5.0
29,5.808835772901261,7.0
30,5.988649598891556,6.0
31,6.172121527738142,5.0
32,4.941050761951772,4.0
33,5.015394937500247,5.0
34,5.457022946531595,6.0
35,5.413851976332694,6.0
36,5.264630336403343,5.0
37,6.379220093533462,7.0
38,6.844963584155323,7.0
39,5.627079306598517,6.0
40,6.7152973455143865,7.0
41,5.409734464590372,5.0
42,5.746123471979956,7.0
43,5.280110471355556,5.0
44,5.85212783862994,7.0
45,5.870445373710538,5.0
46,5.620242279022307,4.0
47,6.6602962405906965,7.0
48,5.640837875257944,6.0
49,6.402238867198264,6.0
50,5.786660388603252,6.0
51,5.359939874244617,6.0
52,5.549362594178547,4.0
53,6.042574607862093,6.0
54,5.7653681155770755,5.0
55,5.331200685440308,5.0
56,5.684749348733533,6.0
57,5.833120154977678,7.0
58,6.395631216658103,7.0
59,5.852992774220809,7.0
60,6.272840022823118,6.0
61,6.144511855645362,7.0
62,6.5438580114327465,7.0
63,5.571969101189438,5.0
64,5.753664773289188,5.0
65,6.50306211077401,8.0
66,6.005939379497079,6.0
67,6.588002122107923,6.0
68,5.067741638404243,5.0
69,6.628754712538978,5.0
70,5.311361428420128,5.0
71,7.185478179806893,7.0
72,6.112306998339676,7.0
73,6.274847671039765,6.0
74,5.230705766362576,5.0
75,6.28109565246541,7.0
76,6.142825284602736,7.0
77,5.535417521152112,5.0
78,5.472731794349954,5.0
79,5.408396491869524,6.0
80,6.208770068354568,6.0
81,5.52236657543574,6.0
82,5.479102983732446,5.0
83,5.504038425800957,6.0
84,6.941399221664483,7.0
85,6.643897584979044,8.0
86,6.063783893640505,6.0
87,5.99106114155677,5.0
88,5.632859507891908,6.0
89,6.137087107079083,6.0
90,6.072557783789023,7.0
91,7.066898442487741,6.0
92,5.806356016355551,6.0
93,6.4414542213882555,6.0
94,5.108304099471923,4.0
95,5.527307797435185,6.0
96,4.872536994153421,6.0
97,5.628359211471889,6.0
98,5.795201881154242,6.0
99,5.8791031649655,5.0
100,5.739638469659781,6.0
101,6.135760715002959,6.0
102,6.052754102817971,6.0
103,5.223777348939166,5.0
104,6.057806035488682,5.0
105,5.600551333398357,6.0
106,6.764379893329533,7.0
107,6.300146880574687,5.0
108,6.829542774674962,7.0
109,5.434600873830561,5.0
110,6.542199018324368,7.0
111,5.433445744146525,5.0
112,5.666560580419116,5.0
113,6.08871649895616,6.0
114,6.320223826860058,7.0
115,5.0723994035788,5.0
116,6.405738191836122,6.0
117,4.862282689985591,5.0
118,6.032594296035938,6.0
119,4.880396685202754,5.0
120,5.879243669319351,5.0
121,5.395472093918897,5.0
122,5.161185869642452,5.0
123,6.869759250216134,8.0
124,4.722959516281094,6.0
125,5.498232752773163,6.0
126,5.421883461330083,4.0
127,6.164410787852603,6.0
128,6.805842180625291,7.0
129,6.040843065277556,6.0
130,6.177919465438492,6.0
131,5.679214883416591,5.0
132,5.666237786973625,5.0
133,6.580080840533242,6.0
134,5.685187424976988,5.0
135,6.259215225145908,6.0
136,6.402922421934591,7.0
137,6.210120945400774,6.0
138,6.112510998078363,6.0
139,5.580820997328658,6.0
140,7.058178157533064,7.0
141,5.5550596686277345,6.0
142,5.359849301335601,5.0
143,6.169392371679919,5.0
144,5.6706350422165315,6.0
145,5.608089120571037,5.0
146,6.021176946821413,7.0
147,6.744007801244379,6.0
148,6.067875329777735,6.0
149,6.646394343204406,8.0
150,6.298010716700048,6.0
151,6.320700622251081,7.0
152,5.505078407790904,6.0
153,6.08725293098604,4.0
154,6.68794855358874,6.0
155,5.451124614874857,5.0
156,5.364482869550159,6.0
157,5.581394947548972,5.0
158,5.330347101709663,5.0
159,6.342867436742836,7.0
160,4.91160754084558,5.0
161,5.980734982889373,7.0
162,5.6109600293318636,5.0
163,5.274113756987617,6.0
164,6.3440945562201705,6.0
165,6.919444323480889,7.0
166,5.963130716732451,5.0
167,5.703748811854837,6.0
168,5.904957297420879,6.0
169,5.496270782876081,5.0
170,5.784684560468236,5.0
171,6.318078200902676,7.0
172,5.339851524606615,5.0
173,6.25040987546771,6.0
174,5.475374938945606,6.0
175,5.3205172620357075,5.0
176,6.228225123174241,7.0
177,6.595842129928712,6.0
178,5.733439050449363,6.0
179,5.849616479964709,6.0
180,5.189106337033195,6.0
181,5.4590976855714075,6.0
182,5.968701865153264,6.0
183,4.9791588140871,5.0
184,5.395916145322019,5.0
185,5.545436281798516,5.0
186,6.591749542909724,6.0
187,7.537150753713206,8.0
188,6.247860849762731,7.0
189,5.250509282688483,5.0
190,4.882281345868876,5.0
191,7.113397636025127,8.0
192,5.730056877044035,6.0
193,5.510653436329676,6.0
194,6.214826569409979,6.0
195,6.417605295509986,6.0
196,6.0171252397668695,6.0
197,5.5885242142108495,5.0
198,6.045422512068967,6.0
199,5.980084874230869,6.0
200,6.116829294911895,7.0
201,5.267690263513316,6.0
202,5.486980752898177,6.0
203,6.681002910058169,6.0
204,5.058533647510643,5.0
205,5.3042384622966665,6.0
206,6.476937463625063,7.0
207,5.641112478915318,5.0
208,6.762143137404621,8.0
209,6.252808147570022,7.0
210,5.969750209522317,5.0
211,4.855966747596881,6.0
212,6.169392371679919,5.0
213,5.921425247189632,6.0
214,6.72791767359729,7.0
215,5.399766540175449,5.0
216,6.3350331318386,7.0
217,6.602756536626032,6.0
218,5.996776341601219,6.0
219,5.240828071372334,5.0
220,6.116328053583629,7.0
221,5.864980128833309,6.0
222,6.177810997823741,6.0
223,5.318682289321657,5.0
224,5.686635623654752,6.0
225,6.70907133520052,6.0
226,4.861404090852687,4.0
227,6.382924329016646,8.0
228,5.734835233196236,6.0
229,5.686438938201832,7.0
230,5.961090666710845,6.0
231,5.395916145322019,5.0
232,4.535696009780679,6.0
233,5.531218156858529,5.0
234,5.764652116769071,6.0
235,5.921844067605264,5.0
236,6.659976230470534,8.0
237,6.129047564021505,7.0
238,5.534744661346963,7.0
239,6.901862790492487,8.0
240,5.808162989396408,6.0
241,5.563695938684816,5.0
242,6.253483546487871,7.0
243,6.355647259323007,8.0
244,5.90877021345608,6.0
245,5.631694129474425,4.0
246,6.266325352770195,6.0
247,4.753408521342749,6.0
248,5.361632295844686,5.0
249,5.489315671680117,5.0
250,4.408615352307976,4.0
251,6.921333139456806,8.0
252,6.224226452612868,7.0
253,6.121423575380305,6.0
254,5.1471415276590164,4.0
255,6.041901164763175,6.0
256,6.323323081195724,6.0
257,5.156286448599303,5.0
258,6.465506948804574,8.0
259,4.804282935609081,5.0
260,6.042252289990188,7.0
261,5.821588966710635,6.0
262,6.354546588782512,6.0
263,5.572255840081539,5.0
264,5.4405800827414055,7.0
265,6.130124215293733,6.0
266,6.992917656725808,6.0
267,5.960177202964815,6.0
268,5.58359374785681,6.0
269,6.45857880129779,8.0
270,6.15241625168062,6.0
271,6.082435434437173,6.0
272,6.177919465438492,6.0
273,5.978127682612069,6.0
274,6.992917656725808,6.0
275,5.74061556331128,6.0
276,6.03642364060255,6.0
277,5.830385893005996,7.0
278,5.652271899764401,3.0
279,5.367287930911857,6.0
280,6.512704290524084,7.0
281,5.9710083821633475,7.0
282,5.065788869472328,6.0
283,6.656845748020544,7.0
284,5.497853385992585,5.0
285,5.878642492211441,6.0
286,6.819878636807175,6.0
287,6.270408920551404,6.0
288,6.911818790770155,7.0
289,6.263407223102718,6.0
290,6.351978438200206,6.0
291,6.844963584155323,7.0
292,5.168546871237254,5.0
293,6.307902915243304,6.0
294,5.6965667406918215,5.0
295,5.544879453084889,5.0
296,5.393465478176182,5.0
297,5.562585936400865,5.0
298,6.510444991146386,6.0
299,5.93154798549665,5.0
300,6.689728141061863,7.0
301,5.81953761954469,6.0
302,5.124809050593399,5.0
303,6.593546387520405,6.0
304,4.908785379381698,5.0
305,5.700114100085244,5.0
306,6.340478323443961,7.0
307,6.164495238929248,6.0
308,5.2405769224443475,5.0
309,5.526406245874796,5.0
310,4.966997569209354,4.0
311,6.089378166133599,5.0
312,5.934082471548663,6.0
313,6.153664573526726,8.0
314,6.275413562028348,6.0
315,6.673906250634445,7.0
316,5.964107336703194,5.0
317,6.505936047164482,7.0
318,6.400142810220359,7.0
319,6.053061675451545,6.0
320,5.521077734695268,5.0
321,6.858754923726281,6.0
322,7.018839637034205,6.0
323,5.755116212813391,7.0
324,6.426408871548688,6.0
325,7.200273195569821,6.0
326,5.774823840447709,6.0
327,5.182675796412809,5.0
328,5.4070809022094295,5.0
329,5.358018906059158,6.0
330,5.738826010634966,7.0
331,6.1416290825714555,4.0
332,5.506253315077117,6.0
333,5.905508311756989,5.0
334,5.399980570396565,5.0
335,6.684196214482881,8.0
336,5.324918130794515,5.0
337,5.946836485076176,6.0
338,6.2830463742292295,5.0
339,4.724153335169092,5.0
340,6.341775680773424,7.0
341,6.092719354179167,6.0
342,5.590776400528483,4.0
343,5.568095917388689,6.0
344,5.112661452248915,5.0
345,5.50796313275913,5.0
346,6.1561156652178965,5.0
347,5.625512074933226,5.0
348,5.496394560100555,6.0
349,5.705455183287825,6.0
350,5.277444751368307,5.0
351,6.338751451024564,7.0
352,6.574000108104258,6.0
353,5.636265478431483,6.0
354,5.811488284169627,6.0
355,5.235691599714414,5.0
356,6.298720247835149,7.0
357,5.4158112619954295,6.0
358,7.081197658074871,8.0
359,5.898020032968418,6.0
360,6.128384285085019,6.0
361,5.734790606033243,6.0
362,6.4178774944598445,6.0
363,5.847463702441232,6.0
364,4.504596151047792,4.0
365,5.489047221490523,6.0
366,6.045101778974583,6.0
367,6.163325665321736,6.0
368,6.124668527971181,6.0
369,5.732733123345838,6.0
370,5.260340787299299,5.0
371,5.442171690434407,6.0
372,6.143599096049343,8.0
373,5.994584882866718,6.0
374,5.878010216682185,6.0
375,6.998040827963678,7.0
376,5.975026858449837,7.0
377,5.86218755258534,6.0
378,6.061530430582877,7.0
379,6.0506066202261195,6.0
380,5.421545646344782,5.0
381,6.928424626183556,7.0
382,5.76746398156024,6.0
383,6.07742733349329,6.0
384,5.872718538792412,5.0
385,5.778241944868114,7.0
386,5.4669724943696,6.0
387,5.9965020097278625,6.0
388,5.940401858146174,4.0
389,5.170739939814325,5.0
390,5.844297771078914,5.0
391,6.348883381134669,6.0
392,5.042464206482521,4.0
393,5.871800198810263,7.0
394,6.139244266621461,7.0
395,5.11346599876498,5.0
396,6.255139046892737,8.0
397,5.813105503898669,6.0
398,6.188240819831265,7.0
399,6.107355055507128,6.0
400,5.605533213365504,5.0
401,6.299377433509903,6.0
402,5.522477590134201,6.0
403,5.637297866745143,6.0
404,5.940499093070912,6.0
405,5.538671407962397,6.0
406,7.081671237254028,8.0
407,4.669969927691994,5.0
408,5.493183150687912,6.0
409,5.857720925980033,6.0
410,5.079473211501579,6.0
411,5.733511597714397,5.0
412,5.295340540679547,6.0
413,5.898140338355006,6.0
414,5.391101098069271,6.0
415,5.47515955863085,6.0
416,4.880941581121135,6.0
417,5.137831883349122,5.0
418,5.371692217338193,5.0
419,6.28068594816682,6.0
420,6.199067829434398,6.0
421,6.705641510785654,8.0
422,5.514945984766086,6.0
423,5.992101437391341,5.0
424,6.316265802457053,6.0
425,7.177022014190811,7.0
426,6.6298670896541125,6.0
427,6.519487205903658,8.0
428,6.844963584155323,7.0
429,5.073728923186422,6.0
430,5.31520169905383,5.0
431,4.694015765883194,5.0
432,6.1564250197527315,6.0
433,5.519650626591499,5.0
434,5.037621326727674,5.0
435,5.996776341601219,6.0
436,5.908305372487348,6.0
437,5.662020118209739,6.0
438,5.605849007924178,6.0
439,6.919808393294943,7.0
440,5.272627989117552,5.0
441,5.5584366302020385,6.0
442,6.964746125020554,6.0
443,5.4352858483258615,5.0
444,6.247319728158686,7.0
445,5.693748540393585,5.0
446,6.051439018745555,7.0
447,5.35150017987479,5.0
448,5.505078407790904,6.0
449,6.274312459415341,6.0
450,5.3988394460513405,6.0
451,5.864083950783595,6.0
452,6.654249526331284,5.0
453,5.635431706592669,5.0
454,5.933115265719209,6.0
455,5.343245592853066,6.0
456,7.1443214973469935,7.0
457,5.683904022559943,6.0
458,5.118167272585424,4.0
459,6.543085727919845,7.0
460,6.684196214482881,8.0
461,5.014987548082075,5.0
462,5.8559703082507895,5.0
463,6.398460350691664,7.0
464,6.743411232563403,6.0
465,6.041901164763175,6.0
466,5.496907568836548,5.0
467,4.77554207472167,6.0
468,6.165016190088863,6.0
469,5.746346667070952,5.0
470,5.225480799225238,5.0
471,6.424232163686781,6.0
472,6.07383257751286,5.0
473,5.836269873805179,6.0
474,6.212802355604083,7.0
475,5.293061130454589,5.0
476,6.510587310872637,7.0
477,5.669971664024672,6.0
478,6.106386110509561,6.0
479,6.074727381761306,6.0
480,4.76966104008477,5.0
481,6.177048423917313,5.0
482,5.188629130628556,5.0
483,6.2719613684806745,3.0
484,6.988484838584441,8.0
485,5.923307537629057,5.0
486,5.321084206608589,5.0
487,5.201894623364524,6.0
488,5.706953625890947,6.0
489,5.911341818106052,5.0
490,6.7811048560986364,8.0
491,6.027373821604215,6.0
492,6.090013193578699,7.0
493,5.8405321880101155,6.0
494,4.8764503210263115,5.0
495,6.822749270253951,6.0
496,5.755398936131712,6.0
497,6.009398588832312,6.0
498,5.804165330520846,6.0
499,5.176627037283595,5.0
500,6.269588364929234,6.0
501,5.878642492211441,6.0
502,5.187450800101743,5.0
503,6.393169221534606,6.0
504,6.215748139169932,7.0
505,6.221120459535996,6.0
506,5.268089215543398,6.0
507,6.143599096049343,8.0
508,5.151724505755851,5.0
509,5.07445395219969,5.0
510,5.549539009549449,6.0
511,5.054973952860848,6.0
512,6.443467619082014,6.0
513,5.829808614666376,5.0
514,4.969381599314005,6.0
515,5.9309151922141155,6.0
516,6.414703183955567,7.0
517,5.4479139260192255,5.0
518,5.345414748517612,5.0
519,5.527305116961315,6.0
520,6.558667401295338,6.0
521,5.418054461629083,5.0
522,5.510063283409011,5.0
523,6.707758888023363,6.0
524,5.527484164171824,6.0
525,5.14520576958688,5.0
526,5.758761254329784,5.0
527,7.204393312355194,7.0
528,5.2825451421688285,4.0
529,6.189410977801003,6.0
530,5.563433048575689,5.0
531,5.722757115829211,6.0
532,6.0073672790746855,6.0
533,6.277050562635566,7.0
534,6.528657448156309,5.0
535,5.457234922986686,5.0
536,5.897749278740321,6.0
537,5.887578757989445,5.0
538,6.660549034400049,6.0
539,5.7010012199694415,6.0
540,5.337423131069158,5.0
541,5.336923301590161,5.0
542,5.702517399139026,5.0
543,5.417874115817426,6.0
544,5.470244223292127,6.0
545,5.307239821656424,6.0
546,5.104193266741049,6.0
547,6.312399000793505,6.0
548,5.687393565943637,5.0
549,5.723147486587209,6.0
550,5.727735193786884,6.0
551,5.052426260876928,6.0
552,7.4275844259166774,7.0
553,6.739330468353188,6.0
554,5.053474689295967,5.0
555,5.856352177136614,6.0
556,6.727095558622409,7.0
557,6.398107643259095,7.0
558,5.135262429060106,5.0
559,6.836584535857924,6.0
560,6.633711725838566,7.0
561,6.505457859191381,6.0
562,5.225095872137274,6.0
563,5.4325760029444154,5.0
564,6.227818570544457,7.0
565,6.763992718792736,7.0
566,6.717068932486029,6.0
567,5.116299628209447,5.0
568,6.240547143691117,5.0
569,5.961758906070827,6.0
570,6.140430133018867,6.0
571,6.440459989198416,6.0
572,5.751129587684517,6.0
573,6.449917683778551,6.0
574,5.829808614666376,5.0
575,5.870445373710538,5.0
576,5.863257079499704,6.0
577,5.7397494982174635,5.0
578,5.7184486944995,6.0
579,6.711884069589814,5.0
580,6.289010522177421,7.0
581,6.412350004762118,6.0
582,5.342915364406338,5.0
583,5.33622212800941,5.0
584,6.014208985744915,6.0
585,5.6965667406918215,5.0
586,5.199909093152371,6.0
587,6.224441779444874,6.0
588,5.5580900232687895,6.0
589,5.9003685582511025,5.0
590,5.082219468803942,5.0
591,5.813685563260094,6.0
592,6.547669343811435,8.0
593,6.653778714007103,8.0
594,5.840962935763912,6.0
595,5.701200442805089,6.0
596,5.143040910211823,6.0
597,5.673463626334751,5.0
598,4.998357998884671,5.0
599,5.2524974790389365,5.0
600,5.258056687958344,6.0
601,5.7279309981967685,6.0
602,6.015346431651096,7.0
603,6.256185341464686,6.0
604,6.5567463565890876,7.0
605,5.885324307752796,6.0
606,6.6489462149826295,6.0
607,5.05014430435034,4.0
608,6.911818790770155,7.0
609,5.687878520559764,4.0
610,6.581680474902726,7.0
611,6.535016081938124,7.0
612,6.314119060441158,8.0
613,5.593630470649771,6.0
614,5.603494030925106,5.0
615,3.575636178896488,3.0
616,6.250981777079801,6.0
617,6.533570768596007,6.0
618,5.6707676186396725,6.0
619,6.443771051807516,6.0
620,6.86514671019421,7.0
621,5.418883187772394,6.0
622,5.555152537366098,5.0
623,5.533207375998813,6.0
624,5.676970234716578,5.0
625,6.983049083905939,7.0
626,6.228839010695253,6.0
627,5.443463052963921,4.0
628,5.4149905591856395,5.0
629,6.603675809301791,7.0
630,6.936261400714528,6.0
631,4.855966747596881,6.0
632,5.7342701469725625,6.0
633,5.982361105291375,6.0
634,6.779947153101318,8.0
635,6.106961575189757,6.0
636,5.311025957109848,5.0
637,6.235867346797988,6.0
638,4.250464980141032,5.0
639,5.55631724873308,6.0
640,5.92363417355125,5.0
641,5.9047257505724815,6.0
642,6.996706975710424,7.0
643,5.681329914413283,5.0
644,5.757159029983484,5.0
645,5.728453392690113,6.0
646,5.391148060448415,5.0
647,6.584046703189529,7.0
648,5.675599718454066,5.0
649,5.778241652453403,6.0
650,6.105616391729143,6.0
651,5.588250115716164,5.0
652,5.778241944868114,7.0
653,5.9331653991908695,6.0
654,5.869230193695756,6.0
655,6.195221759560809,6.0
656,5.381846177516593,6.0
657,5.293799338264876,5.0
658,5.083530920592125,5.0
659,5.188559865913817,4.0
660,5.654848285242167,6.0
661,5.309384586308738,6.0
662,5.420275671642969,5.0
663,6.352795379760494,6.0
664,5.868328656822541,5.0
665,5.668181332643201,5.0
666,6.267384448616269,6.0
667,5.923777068551715,6.0
668,6.600217886681207,6.0
669,5.031805247381726,5.0
670,6.0038613239020435,6.0
671,6.377798690673899,6.0
672,5.58816650740637,5.0
673,5.118883492569864,5.0
674,7.088803009329581,7.0
675,5.746346667070952,5.0
676,6.072233475581697,6.0
677,6.0426621251266965,6.0
678,5.916098119724097,5.0
679,6.098801302711138,6.0
680,6.627477600783095,8.0
681,6.530690572900596,5.0
682,5.879727235580816,5.0
683,5.501738221695291,5.0
684,6.64994856938506,5.0
685,5.475374938945606,6.0
686,6.047741486846178,6.0
687,4.794868411915047,5.0
688,5.353139581235496,6.0
689,6.389726871670973,6.0
690,5.609353851897993,5.0
691,5.855382764452571,6.0
692,5.933344861784747,6.0
693,6.048431405190797,6.0
694,6.057571816577536,6.0
695,5.0136052730045435,6.0
696,5.390317237719387,5.0
697,5.417308155191108,6.0
698,6.107569714868589,5.0
699,6.777264130059791,8.0
700,5.825230302547254,5.0
701,6.070943966612617,5.0
702,5.27243279756533,6.0
703,5.573167186115995,7.0
704,6.727095558622409,7.0
705,6.315697005869936,8.0
706,5.648873368029285,5.0
707,6.204874942841002,6.0
708,5.450123938794661,5.0
709,6.242227649170161,8.0
710,6.255139046892737,8.0
711,5.855382764452571,6.0
712,5.670976411304196,6.0
713,5.23530976321689,6.0
714,6.215810029377735,7.0
715,6.413240331438601,6.0
716,5.539471806931601,5.0
717,6.766580564968535,7.0
718,5.896230398199691,6.0
719,6.994809773127315,8.0
720,6.426028630763483,7.0
721,6.834324628140223,6.0
722,5.0942438301860875,5.0
723,4.896958733274005,5.0
724,5.908954272311121,6.0
725,5.519650626591499,5.0
726,6.219101792699917,6.0
727,6.357016146828926,6.0
728,6.621442290502046,7.0
729,5.420226975718776,5.0
730,7.198243738116503,7.0
731,6.21035806348857,7.0
732,6.38119402615834,7.0
733,6.144063970785453,6.0
734,5.553331057144362,5.0
735,5.760821973416171,6.0
736,5.980565433014135,6.0
737,6.080891653459275,7.0
738,5.730737346340732,6.0
739,5.8817469240624405,5.0
740,5.136714350280812,5.0
741,7.801772737614044,7.0
742,6.263965680007516,7.0
743,6.110946593256273,6.0
744,6.268174428693271,6.0
745,7.081197658074871,8.0
746,6.810139992843403,6.0
747,5.5463514674304975,6.0
748,6.546086315375874,6.0
749,6.093577991578115,6.0
750,5.687726708545483,5.0
751,5.974387052185307,6.0
752,6.614353567286457,7.0
753,6.681609363257849,7.0
754,5.509531444211348,5.0
755,6.3256078824767314,7.0
756,4.896958733274005,5.0
757,6.062654170901396,6.0
758,6.1376939810571685,7.0
759,5.748642444116598,5.0
760,5.676155597818251,7.0
761,5.197204031995284,5.0
762,5.459553228079244,5.0
763,6.147194558679587,7.0
764,5.908305372487348,6.0
765,4.45844029929907,5.0
766,6.50159736503781,6.0
767,5.186520188018903,5.0
768,6.134414885022295,7.0
769,6.434913733491726,8.0
770,5.30809090506574,6.0
771,5.010438347802676,5.0
772,5.852640757649397,5.0
773,5.389262948352268,5.0
774,5.841428509712443,6.0
775,6.233926945862208,6.0
776,5.957814164331353,7.0
777,6.01815712590377,5.0
778,5.961046561268859,5.0
779,5.818482896412661,8.0
780,6.4624067341263185,5.0
781,4.95104294802718,6.0
782,5.97011185420763,6.0
783,7.1443214973469935,7.0
784,5.326799227872812,6.0
785,6.022054057015339,4.0
786,6.210140180813937,6.0
787,5.897776351954235,7.0
788,5.398944625693019,5.0
789,6.602413189028823,8.0
790,6.486173440683729,6.0
791,5.479074655010265,5.0
792,6.554452598746366,6.0
793,7.082503346713338,6.0
794,5.4305690724077635,7.0
795,5.393775689814504,5.0
796,5.105983966852762,5.0
797,6.355647259323007,8.0
798,5.889273353690896,7.0
799,5.718727264615325,7.0
800,5.736288960403954,6.0
801,6.24051119755876,6.0
802,5.978103490204546,5.0
803,6.184945021824774,6.0
804,6.068074431372111,6.0
805,4.486078213853375,4.0
806,5.97512936848085,5.0
807,6.629002735388781,7.0
808,5.581394947548972,5.0
809,4.505134718793187,5.0
810,5.155068077712372,5.0
811,5.36575206228224,5.0
812,5.846825870256112,5.0
813,5.5281339143671175,5.0
814,5.449781567714069,5.0
815,6.568809245140869,7.0
816,5.295778663958913,6.0
817,6.4843212206335465,6.0
818,5.871789918019999,6.0
819,5.72190156463472,6.0
820,5.471789479223446,5.0
821,6.733853955680559,7.0
822,5.3059120084406,6.0
823,5.2448942054111285,5.0
824,5.05763020261918,5.0
825,7.021258827372719,7.0
826,5.453174527110036,4.0
827,5.869933817146148,5.0
828,5.86664810459456,6.0
829,6.162806964429649,5.0
830,5.578059255881044,5.0
831,5.070137600487982,5.0
832,6.479575283267479,6.0
833,4.980588611421695,6.0
834,6.230441208436389,7.0
835,5.871800198810263,7.0
836,6.223327714800291,6.0
837,6.681854944920474,6.0
838,5.633196210501467,7.0
839,6.04275216876448,6.0
840,5.0475917583378305,5.0
841,5.343695071633022,5.0
842,6.0204124452792485,6.0
843,4.945409911800027,6.0
844,5.235581380934548,6.0
845,5.779145419214672,5.0
846,7.08731834772658,8.0
847,5.632190275030894,4.0
848,5.767967073670434,6.0
849,5.949693264279972,6.0
850,5.984127707583269,6.0
851,5.609353851897993,5.0
852,5.1477210385654075,5.0
853,5.858410729948048,5.0
854,5.322169613337792,5.0
855,5.647476506957389,6.0
856,6.14606356108402,7.0
857,5.994002490258822,3.0
858,5.133535335332681,5.0
859,6.184559027282262,6.0
860,5.954567176974649,6.0
861,5.244345966148785,6.0
862,6.440459989198416,6.0
863,6.312115832118877,6.0
864,6.064168559069287,7.0
865,6.125844878288035,7.0
866,6.21497703586374,6.0
867,5.543589144718055,5.0
868,4.457488262246301,5.0
869,5.41397578763025,5.0
870,5.971538445087333,5.0
871,5.926060671685377,6.0
872,6.56586352618956,8.0
873,6.030603068816276,5.0
874,6.1989829600744315,6.0
875,5.515408527620252,5.0
876,6.408586500199533,7.0
877,5.44583665846551,5.0
878,5.514314248702476,6.0
879,6.225051900955577,7.0
880,5.285418288147753,5.0
881,6.1209809615583595,7.0
882,4.931620951613581,5.0
883,5.3308102672165205,5.0
884,7.001795124243188,8.0
885,5.509531444211348,5.0
886,6.583761990303742,8.0
887,5.616989593387416,6.0
888,5.764752456494534,6.0
889,5.591325585952404,6.0
890,5.2354772002808545,5.0
891,4.8791461465833095,6.0
892,5.940103816413057,6.0
893,5.988132794560897,6.0
894,6.154804899658018,6.0
895,5.216677488655421,6.0
896,6.7885013994279575,7.0
897,5.660889008234307,6.0
898,5.980565433014135,6.0
899,5.707006607842686,6.0
900,6.030582549996382,5.0
901,5.4556002606096285,6.0
902,5.537633356825154,6.0
903,5.843370958417211,5.0
904,6.966059026075186,7.0
905,5.968276967090446,6.0
906,4.6466320769613105,5.0
907,6.4414542213882555,6.0
908,6.582718855966846,6.0
909,5.5910846327823265,5.0
910,5.552651630202604,5.0
911,6.384138901651369,7.0
912,4.5800379477842625,5.0
913,4.73801570735958,4.0
914,6.011651270056632,6.0
915,5.92154626467908,6.0
916,5.8686543588891595,6.0
917,5.119888362191375,5.0
918,5.576473434821764,5.0
919,6.05691050510984,6.0
920,6.42617605721432,7.0
921,5.96800307898377,7.0
922,5.588822863337441,5.0
923,5.951783028190505,6.0
924,6.441452680073667,6.0
925,5.2844872784665995,6.0
926,5.71776816730619,5.0
927,5.505044104217177,5.0
928,6.757445523362151,7.0
929,6.958783391442466,7.0
930,5.7559289375547,5.0
931,6.437638878796577,6.0
932,6.878258415679852,7.0
933,5.343337310333311,5.0
934,5.304293782127843,5.0
935,5.8409952629543795,6.0
936,6.626262877328173,6.0
937,6.123160799171586,7.0
938,5.152005491888474,5.0
939,5.687393565943637,5.0
940,5.571716410885642,6.0
941,5.933630980312103,5.0
942,6.4628671491755085,6.0
943,5.863957591916233,8.0
944,5.039409125608586,5.0
945,5.808835772901261,7.0
946,6.447154940880864,7.0
947,5.426717817693998,5.0
948,5.345484922425726,6.0
949,5.505165194518213,7.0
950,5.347936526246599,5.0
951,5.066283688072133,5.0
952,5.590917316904779,5.0
953,5.711537413508722,6.0
954,5.155068077712372,5.0
955,5.577971931050115,6.0
956,6.22102679351633,7.0
957,5.144532632093245,6.0
958,5.263083694666648,5.0
959,6.530631138044157,7.0
960,5.4684620181847094,5.0
961,5.339685813949984,6.0
962,6.345316984707779,6.0
963,6.421277037269704,6.0
964,7.282034433315687,7.0
965,4.966256169233645,5.0
966,5.079473211501579,6.0
967,6.582032473383379,7.0
968,6.573297778738265,7.0
969,6.947873713877186,7.0
970,5.866916687661956,5.0
971,5.632286431990792,6.0
972,6.402175149607103,7.0
973,5.798714842585468,6.0
974,5.8073202498201795,6.0
975,6.025879483254698,5.0
976,6.07243552224017,8.0
977,6.093577991578115,6.0
978,5.541817780312783,7.0
979,5.677075474197636,5.0
980,6.317463487967075,6.0
981,6.415787484299699,6.0
982,4.774392282377391,3.0
983,5.708754410354061,7.0
984,5.877145365349406,6.0
985,5.6699707306465825,5.0
986,6.107566633984959,5.0
987,6.082121233311113,6.0
988,5.435500051814472,6.0
989,6.715092818378622,7.0
990,5.3988394460513405,6.0
991,5.280398010242266,5.0
992,5.194019522212216,6.0
993,4.885577687286286,5.0
994,6.676428181483232,7.0
995,4.926475754832154,5.0
996,5.86381315612573,7.0
997,6.161504048098038,6.0
998,5.983953064260845,7.0
999,6.401276694975252,6.0
1000,7.183563564019437,7.0
1001,3.1591554203681795,4.0
1002,5.801274230468863,5.0
1003,5.051123368789405,5.0
1004,7.046997987193322,7.0
1005,6.127325371575523,6.0
1006,6.58992473863151,7.0
1007,5.112047643185832,5.0
1008,6.248022885934802,7.0
1009,6.405779869673665,6.0
1010,6.419497086901345,6.0
1011,7.060468385827278,8.0
1012,5.561947486903023,6.0
1013,6.0110833463437245,7.0
1014,5.62745519619358,6.0
1015,4.954803597766613,4.0
1016,5.945023749959319,5.0
1017,5.301369334478181,5.0
1018,5.912593122750536,8.0
1019,5.007856292038184,4.0
1020,5.958463032157965,6.0
1021,5.005177356704053,5.0
1022,6.111241196739115,6.0
1023,5.164878119353773,5.0
1024,6.43667549131743,6.0
1025,6.414405408098503,6.0
1026,5.148016856080233,6.0
1027,6.85292891012773,7.0
1028,5.246206393709258,5.0
1029,5.957814164331353,7.0
1030,6.107566633984959,5.0
1031,5.884882103844518,6.0
1032,6.967458316250145,8.0
1033,4.999096350068555,5.0
1034,6.032945773616859,6.0
1035,5.300960419502417,5.0
1036,5.429993703209448,6.0
1037,6.9694084045526665,7.0
1038,5.551916740956699,5.0
1039,6.681002910058169,6.0
1040,6.300790756530716,5.0
1041,6.413570290435814,6.0
1042,6.299253264186234,6.0
1043,5.514314248702476,6.0
1044,4.938698539602058,5.0
1045,7.252843909371677,8.0
1046,6.51717915119724,7.0
1047,6.63947099166046,7.0
1048,5.425684633682749,5.0
1049,6.618897364097563,7.0
1050,6.288132028375401,6.0
1051,6.696784237628663,7.0
1052,5.33551097029158,5.0
1053,6.751460307566674,7.0
1054,6.28068594816682,6.0
1055,5.309350986358197,6.0
1056,5.51042750814122,5.0
1057,6.184096236487221,6.0
1058,6.941015290500104,6.0
1059,5.836839165829531,5.0
1060,5.643740754975681,5.0
1061,7.337552378048628,8.0
1062,5.109886130914305,6.0
1063,6.997998447459736,7.0
1064,5.908897789292041,6.0
1065,5.200321101474799,7.0
1066,6.0659205704285455,7.0
1067,3.9717078296095814,5.0
1068,6.4843212206335465,6.0
1069,6.440058645201589,7.0
1070,6.355647259323007,8.0
1071,6.681609363257849,7.0
1072,5.519946005468228,6.0
1073,5.885973552258463,6.0
1074,5.9538962769572095,6.0
1075,5.107731850595059,5.0
1076,6.913039181458714,7.0
1077,6.412379522234801,7.0
1078,4.928107553865317,4.0
1079,5.704001013503785,5.0
1080,5.758181919556762,6.0
1081,4.91342261665983,5.0
1082,5.352276698533501,5.0
1083,5.484141245714795,5.0
1084,6.4777718582894295,6.0
1085,5.664679194154473,5.0
1086,5.769259876575973,6.0
1087,6.485293853453925,6.0
1088,5.9180831709225,6.0
1089,5.971301606532052,5.0
1090,6.528541711550815,7.0
1091,4.644584974893917,5.0
1092,4.352234045081886,4.0
1093,5.76970597190865,6.0
1094,4.759257263753625,4.0
1095,6.888374996709842,7.0
1096,5.422933597241524,6.0
1097,6.08537669279599,5.0
1098,5.396620171753511,6.0
1099,5.247003053799631,5.0
1100,6.090757580474332,6.0
1101,5.3381881646686224,5.0
1102,6.155045547052566,6.0
1103,5.27802865646396,5.0
1104,6.742530788083172,6.0
1105,6.361153821345795,6.0
1106,6.422575853642229,7.0
1107,5.819432339194748,6.0
1108,6.621269924030173,8.0
1109,5.675599718454066,5.0
1110,6.002967980469407,7.0
1111,5.928737657171894,6.0
1112,6.320223826860058,7.0
1113,5.658603778017607,6.0
1114,5.4395340627850715,5.0
1115,5.81953761954469,6.0
1116,6.03642364060255,6.0
1117,5.588604876003728,5.0
1118,4.936291123177057,4.0
1119,5.452553276555818,5.0
1120,5.636784117901982,5.0
1121,5.64310445913361,6.0
1122,5.62967565559984,6.0
1123,6.045073384224111,6.0
1124,6.304124324519421,6.0
1125,6.082192155542657,6.0
1126,6.535954248645879,6.0
1127,5.342355881744254,5.0
1128,6.014312676086888,5.0
1129,6.6574757509034725,7.0
1130,6.222745705663897,6.0
1131,6.229076087447623,3.0
1132,5.896140210014664,6.0
1133,5.130174364449374,5.0
1134,6.261774581675127,6.0
1135,3.4119949748376044,4.0
1136,6.229863771842986,6.0
1137,5.56322769274243,5.0
1138,5.1014156605325525,5.0
1139,5.445127826394355,6.0
1140,4.314790371032359,5.0
1141,5.509615907038324,5.0
1142,7.049231533519844,7.0
1143,5.9865505124067795,6.0
1144,6.818293070765321,7.0
1145,7.075129556699267,7.0
1146,6.102708986179891,6.0
1147,5.248984074552766,5.0
1148,6.361259463640067,6.0
1149,6.7563538338480384,7.0
1150,6.350668237889465,6.0
1151,5.621438361112041,6.0
1152,5.7606571716301005,5.0
1153,5.287830118572629,5.0
1154,5.644944085137922,5.0
1155,5.47610946951346,5.0
1156,6.7563538338480384,7.0
1157,6.550158350151321,4.0
1158,6.606033838114968,6.0
1159,5.250393414359223,5.0
1160,6.811178918306894,6.0
1161,6.697691932704913,7.0
1162,6.776805877062657,6.0
1163,6.129619942867009,6.0
1164,6.31460564266888,6.0
1165,5.758287821099714,5.0
1166,5.773156059205576,7.0
1167,5.14443783677396,6.0
1168,6.36944945187679,6.0
1169,6.109238723512021,6.0
1170,5.7383299304424895,5.0
1171,5.781351656671518,6.0
1172,5.260843484448742,6.0
1173,6.868482423562256,7.0
1174,5.363803277829504,6.0
1175,5.799920348433091,6.0
1176,5.320344383607164,6.0
1177,5.395188835143472,5.0
1178,6.463980603949381,6.0
1179,5.324732789013069,6.0
1180,6.130489072903686,7.0
1181,5.514327803508479,6.0
1182,5.067862136095414,5.0
1183,7.413916892089958,7.0
1184,6.010358103999238,7.0
1185,6.716084793588124,8.0
1186,6.241562439361701,7.0
1187,5.638074249320766,6.0
1188,6.60940027541983,6.0
1189,4.489187551248236,4.0
1190,6.074727381761306,6.0
1191,4.9637886685449075,5.0
1192,5.331385317808099,5.0
1193,5.6983764650557305,6.0
1194,5.550683437152543,6.0
1195,6.019184615324548,6.0
1196,6.383649387681658,6.0
1197,5.877145365349406,6.0
1198,5.270396656366529,5.0
1199,5.435502830914686,6.0
1200,5.713110073899998,5.0
1201,5.533239296042495,5.0
1202,5.61318750583024,7.0
1203,5.37312053139317,5.0
1204,5.746600893499817,6.0
1205,6.079806529909604,6.0
1206,6.603491573692281,7.0
1207,5.168382990598275,5.0
1208,5.869625541463449,6.0
1209,6.673229151093153,7.0
1210,4.701028420763578,5.0
1211,5.307188255587619,5.0
1212,5.806180074387271,6.0
1213,6.167227782810471,7.0
1214,5.5528844470926515,7.0
1215,6.989290610386433,7.0
1216,4.880824987213515,5.0
1217,6.080482784845685,6.0
1218,7.023995574919127,6.0
1219,5.481194004251847,7.0
1220,5.433695591033825,4.0
1221,6.136003963920302,5.0
1222,6.00026668850478,6.0
1223,5.644646405701792,5.0
1224,6.352931995753522,6.0
1225,6.619948991175875,7.0
1226,6.362146979170518,7.0
1227,6.211624819401152,6.0
1228,6.149417131084192,7.0
1229,5.519444681271921,5.0
1230,6.511774007798579,5.0
1231,5.376042663867878,4.0
1232,6.6423178601324935,6.0
1233,6.8413543448043015,7.0
1234,6.862908591250402,6.0
1235,6.092690712143707,7.0
1236,6.535213097983558,6.0
1237,7.351782692642928,8.0
1238,6.143972424189883,6.0
1239,6.788677189455996,7.0
1240,5.552840545001288,5.0
1241,6.5916797250386026,5.0
1242,6.377822437427085,6.0
1243,4.96357461639343,6.0
1244,5.572349010845301,5.0
1245,5.973177116636293,7.0
1246,5.080499102549254,7.0
1247,5.860987248841639,5.0
1248,5.80563294123732,6.0
1249,5.439550182589187,5.0
1250,5.822482534835217,6.0
1251,6.148593302163363,7.0
1252,5.1486102190070255,8.0
1253,5.36702884294283,5.0
1254,5.73674014618399,6.0
1255,5.205399754397092,6.0
1256,5.303709148893461,5.0
1257,6.367271347435519,6.0
1258,7.11804849447276,7.0
1259,5.225480799225238,5.0
1260,5.871596978238131,5.0
1261,6.252808147570022,7.0
1262,6.257722898870952,6.0
1263,6.822536703305772,6.0
1264,5.538671407962397,6.0
1265,5.724221413895123,6.0
1266,4.979033943370524,4.0
1267,7.517969139044396,7.0
1268,6.495501305099026,6.0
1269,5.179716330459314,5.0
1270,4.617958041509837,5.0
1271,5.5014719252044415,5.0
1272,5.700591140845631,6.0
1273,5.82146774960745,6.0
1274,5.957334954795726,6.0
1275,6.084846364929774,6.0
1276,5.513251611059843,5.0
1277,6.238502951557905,5.0
1278,6.712578905269197,7.0
1279,6.080051465769543,6.0
1280,5.725805105960717,6.0
1281,6.410164545451551,6.0
1282,5.36702884294283,5.0
1283,5.468244555674858,6.0
1284,5.661413807000258,6.0
1285,5.263322408651675,6.0
1286,5.363338033225659,6.0
1287,5.62745519619358,6.0
1288,6.43416987004656,6.0
1289,5.25325862693893,5.0
1290,7.243290458297679,6.0
1291,6.063531686049885,6.0
1292,4.849377247292239,5.0
1293,6.480725605489056,7.0
1294,6.749305698284957,7.0
1295,6.579208866163242,7.0
1296,5.6158888318024935,5.0
1297,5.371859712767275,5.0
1298,5.961531136963174,5.0
1299,5.872718538792412,5.0
1300,6.179013059733677,6.0
1301,5.456321782464329,5.0
1302,5.989430591249629,6.0
1303,6.335978329395914,6.0
1304,6.320891710697765,6.0
1305,5.705963266735466,5.0
1306,5.3789689783261565,5.0
1307,7.010328472369281,6.0
1308,6.9627646861120525,6.0
1309,5.286797665397728,5.0
1310,5.887009813959864,7.0
1311,5.953069232015764,6.0
1312,6.087884045951228,7.0
1313,5.750939131367318,6.0
1314,6.474585608720702,7.0
1315,6.545477688781659,7.0
1316,4.9274851128534465,4.0
1317,5.979986909860145,6.0
1318,6.20614339179906,6.0
1319,5.993156699533017,6.0
1320,5.845102985604115,8.0
1321,5.88813223106456,6.0
1322,6.417660413272415,7.0
1323,5.553081863243904,6.0
1324,6.744963922846921,7.0
1325,6.367409115009252,4.0
1326,6.231965412306295,6.0
1327,5.396727993677871,5.0
1328,6.559175274745144,6.0
1329,6.012540246272806,6.0
1330,5.066283688072133,5.0
1331,5.39978486360684,5.0
1332,5.161715630581384,4.0
1333,5.810932371770093,5.0
1334,6.160474621996059,6.0
1335,6.212448644994993,6.0
1336,6.1547566201332415,8.0
1337,7.389456238356502,8.0
1338,5.306577866400403,5.0
1339,6.544148848307145,7.0
1340,6.641360700261771,7.0
1341,5.345414748517612,5.0
1342,5.868614227824423,5.0
1343,5.375038995837315,5.0
1344,6.575272088995916,6.0
1345,4.691670228320561,5.0
1346,5.322465414798955,6.0
1347,6.284762246800426,6.0
1348,6.05320166715569,7.0
1349,5.467304791606864,5.0
1350,5.8518213531461925,6.0
1351,5.561536726589679,5.0
1352,6.277282781437066,6.0
1353,6.485803205529805,6.0
1354,7.099175234430675,7.0
1355,4.822962890262517,6.0
1356,5.592224486791508,6.0
1357,5.935243042866773,6.0
1358,6.935842952669873,7.0
1359,5.581070593728441,6.0
1360,6.501962965265477,7.0
1361,5.70383365127941,6.0
1362,6.343350567203856,7.0
1363,5.697507016120255,6.0
1364,6.007024862481444,6.0
1365,5.894102146830448,8.0
1366,5.882811537556449,6.0
1367,5.827559893198327,5.0
1368,5.563433048575689,5.0
1369,6.242227649170161,8.0
1370,5.829700766737744,4.0
1371,6.5180731257958655,6.0
1372,5.952540852789639,7.0
1373,6.942565009422822,7.0
1374,5.419342578785177,5.0
1375,6.204346626306517,6.0
1376,6.687704193832701,6.0
1377,6.171335790808683,6.0
1378,5.4746078841861845,5.0
1379,5.84777844438463,5.0
1380,6.1376939810571685,7.0
1381,5.8765519286976655,6.0
1382,6.277920011104925,7.0
1383,6.416486630962595,6.0
1384,5.3784426080385686,7.0
1385,6.618548059795501,7.0
1386,6.710361675310082,6.0
1387,5.213547304167605,5.0
1388,5.608907383588132,5.0
1389,6.410935775213886,7.0
1390,6.098519726862435,6.0
1391,5.294227393413905,6.0
1392,6.568181651525322,7.0
1393,5.720364297914216,6.0
1394,6.031679774455256,6.0
1395,5.079473211501579,6.0
1396,5.599347412455302,6.0
1397,6.356729881422723,7.0
1398,6.674801097948915,7.0
1399,5.746346667070952,5.0
1400,5.0291863775006505,5.0
1401,5.680192384697506,5.0
1402,5.977797365839649,6.0
1403,6.128774253616655,7.0
1404,6.2320660764847275,5.0
1405,6.512046647735474,7.0
1406,5.280434021872907,6.0
1407,6.3925065295596255,6.0
1408,6.284944606425199,5.0
1409,5.388713842000357,6.0
1410,5.661212613863256,6.0
1411,6.111628258028418,6.0
1412,5.339081608613242,5.0
1413,5.416799740382373,5.0
1414,6.520626942295934,7.0
1415,5.817630820993031,6.0
1416,5.911845554104957,7.0
1417,5.984081880443057,5.0
1418,6.172997043062537,6.0
1419,5.518363419528555,5.0
1420,5.447329627178419,6.0
1421,5.203634790167143,4.0
1422,5.286912960603615,5.0
1423,6.813642900825499,7.0
1424,5.963624178544478,5.0
1425,5.730056877044035,6.0
1426,5.635946061452557,6.0
1427,6.587633308142642,7.0
1428,4.98608262598637,3.0
1429,5.195535309893216,6.0
1430,5.506834351299119,5.0
1431,4.8791461465833095,6.0
1432,6.547860361954406,7.0
1433,6.292731868688463,8.0
1434,6.595587345947706,5.0
1435,5.203827337527571,6.0
1436,5.73957371916606,5.0
1437,6.263389066592595,7.0
1438,6.145483482854672,5.0
1439,5.2066406811240995,5.0
1440,5.250838398906922,4.0
1441,6.013556646124869,6.0
1442,6.346431686718802,7.0
1443,5.4190923077117645,5.0
1444,5.246387346206461,5.0
1445,6.727095558622409,7.0
1446,4.84067692061322,5.0
1447,6.768167641897776,6.0
1448,6.230910893003568,6.0
1449,5.722724845267521,6.0
1450,6.941399221664483,7.0
1451,5.626930350535417,5.0
1452,5.7019710516775035,6.0
1453,6.762143137404621,8.0
1454,5.501810569488441,6.0
1455,5.461592546303166,6.0
1456,6.5157869515556115,5.0
1457,5.175453739695399,6.0
1458,6.318078200902676,7.0
1459,6.421553596174249,6.0
1460,5.680764997702738,5.0
1461,5.702517399139026,5.0
1462,6.492103542954112,8.0
1463,4.794063425198146,5.0
1464,6.173522239093302,6.0
1465,6.226310603242609,6.0
1466,5.0475917583378305,5.0
1467,6.36894247972873,7.0
1468,4.698580965671113,6.0
1469,6.48496199607942,6.0
